2020-03-10,Apuane,Massa,3
2020-03-10,Apuane,Sarzana,1
2020-03-10,Lunigiana,Aulla,2
2020-03-10,Lunigiana,Bagnone,1
2020-03-10,Lunigiana,Mulazzo,1
2020-03-10,Lunigiana,Pontremoli,2
2020-03-10,Lunigiana,Villafranca in Lunigiana,1
2020-03-10,Piana di Lucca,Lucca,2
2020-03-10,Piana di Lucca,Capannori,2
2020-03-10,Valle del Serchio,Castelnuovo Garfagnana,1
2020-03-10,Zona Pisana,Pisa,5
2020-03-10,Alta val di Cecina Val d'Era,Pomarance,2
2020-03-10,Alta val di Cecina Val d'Era,Pontedera,2
2020-03-10,Zona Livornese,Livorno,3
2020-03-10,Versilia,Viareggio,1
