2020-03-26,Apuane,Carrara,2
2020-03-26,Apuane,Massa,8
2020-03-26,Lunigiana,Aulla,2
2020-03-26,Lunigiana,Fivizzano,2
2020-03-26,Lunigiana,Fosdinovo,1
2020-03-26,Lunigiana,Licciana Nardi,2
2020-03-26,Lunigiana,Mulazzo,2
2020-03-26,Lunigiana,Pontremoli,3
2020-03-26,Lunigiana,Tresana,1
2020-03-26,Lunigiana,Villafranca in Lunigiana,2
2020-03-26,Lunigiana,Zeri,1
2020-03-26,Piana di Lucca,Altopascio,1
2020-03-26,Piana di Lucca,Capannori,12
2020-03-26,Piana di Lucca,Lucca,3
2020-03-26,Valle del Serchio,Borgo a Mozzano,1
2020-03-26,Valle del Serchio,Camporgiano,1
2020-03-26,Valle del Serchio,Castelnuovo Garfagnana,1
2020-03-26,Valle del Serchio,Coreglia Antelminelli,2
2020-03-26,Valle del Serchio,Pieve Fosciana,1
2020-03-26,Valle del Serchio,San Romano Garfagnana,1
2020-03-26,Valle del Serchio,Vagli Sotto,6
2020-03-26,Valle del Serchio,Villa Collemandina,1
2020-03-26,Zona Pisana,Calci,1
2020-03-26,Zona Pisana,Pisa,2
2020-03-26,Zona Pisana,San Giuliano Terme,3
2020-03-26,Zona Pisana,Vecchiano,4
2020-03-26,Alta val di Cecina,Capannoli,4
2020-03-26,Alta val di Cecina,Casciana Terme Lari,1
2020-03-26,Alta val di Cecina,Pomarance,1
2020-03-26,Alta val di Cecina,Ponsacco,1
2020-03-26,Alta val di Cecina,Pontedera,1
2020-03-26,Alta val di Cecina,Volterra,1
2020-03-26,Zona Livornese,Collesalvetti,3
2020-03-26,Zona Livornese,Livorno,10
2020-03-26,Elba,Rio nell'Elba,2
2020-03-26,Bassa val di Cecina Val di Cornia,Cecina,3
2020-03-26,Bassa val di Cecina Val di Cornia,Piombino,4
2020-03-26,Bassa val di Cecina Val di Cornia,Riparbella,1
2020-03-26,Bassa val di Cecina Val di Cornia,Rosignano Marittimo,2
2020-03-26,Versilia,Camaiore,4
2020-03-26,Versilia,Forte dei Marmi,2
2020-03-26,Versilia,Massarosa,4
2020-03-26,Versilia,Pietasanta,6
2020-03-26,Versilia,Seravezza,1
2020-03-26,Versilia,Viareggio,6
